{"cameraMode":{"drawMode":0,"name":"Shaded","section":"Shading Mode"},"sceneLighting":true,"audioPlay":false,"sceneViewState":{"m_AlwaysRefresh":false,"showFog":true,"showSkybox":true,"showFlares":true,"showImageEffects":true,"showParticleSystems":true,"showVisualEffectGraphs":true,"m_FxEnabled":false},"in2DMode":false,"pivot":{"x":-9.443833351135254,"y":6.6459574699401859,"z":-3.8370985984802248},"rotation":{"x":-0.5310046672821045,"y":-0.024680253118276597,"z":0.015435268171131611,"w":-0.8467602133750916},"size":1.1796590089797974,"orthographic":false}