{"cameraMode":{"drawMode":0,"name":"Shaded","section":"Shading Mode"},"sceneLighting":false,"audioPlay":false,"sceneViewState":{"m_AlwaysRefresh":false,"showFog":true,"showSkybox":false,"showFlares":true,"showImageEffects":true,"showParticleSystems":true,"showVisualEffectGraphs":true,"m_FxEnabled":false},"in2DMode":false,"pivot":{"x":0.47926566004753115,"y":0.9990963935852051,"z":0.8155992031097412},"rotation":{"x":0.08747054636478424,"y":0.8834666013717651,"z":-0.1830572932958603,"w":0.4222002327442169},"size":2.200106620788574,"orthographic":false}